{
  "name": "pu060_R10000",
  "angle_deg": 60,
  "radius_m": 10000,
  "completed": true,
  "steps": 212,
  "CTE_mean": 68.71240586411002,
  "CTE_p50": 47.466116650671836,
  "CTE_p90": 171.15365262313446,
  "CTE_max": 201.97515401115513,
  "velocity_tangent_error_mean": 4.833572501419997,
  "velocity_tangent_error_p90": 13.792193957733398,
  "nose_tangent_error_mean": 6.904023004337647,
  "nose_tangent_error_p90": 18.057556935562605,
  "nose_velocity_error_mean": 4.707414530060192,
  "nose_velocity_error_p90": 8.525605343712744,
  "wing_plane_error_mean": 27.827335156859004,
  "wing_plane_error_p90": 114.85045977065151,
  "belly_error_mean": 151.70326363907728,
  "q_error_mean_rad": 0.0697657162784324,
  "q_error_p90_rad": 0.20597861931452252,
  "roll_tracking_error_mean": 3.362405829941529,
  "env_alpha_min": -22.839903282617932,
  "env_alpha_max": 6.989427346548782,
  "env_alpha_mean": -0.15965291545895383,
  "env_beta_min": -3.066900505742411,
  "env_beta_max": 15.981011950165497,
  "target_roll_min": -168.15259711165046,
  "target_roll_max": 161.18729335804258,
  "actual_roll_min": -178.8857416081388,
  "actual_roll_max": 170.74925143860443,
  "actual_roll_mean": -14.504464055765293,
  "vt_min": 193.8887939453125,
  "vt_mean": 243.39300781825804,
  "Gmax": 5.841485667919617,
  "Gmean": 1.9081573127840883,
  "alt_min": 4946.875,
  "alt_max": 9757.3271484375,
  "termination": "ok",
  "grade_cte_only_deprecated": "A",
  "grade_loop_quality": "B"
}