{
  "name": "pu060_R8000",
  "angle_deg": 60,
  "radius_m": 8000,
  "completed": true,
  "steps": 173,
  "CTE_mean": 80.43920193886521,
  "CTE_p50": 69.24775146653066,
  "CTE_p90": 169.7208794775404,
  "CTE_max": 193.6332853242595,
  "velocity_tangent_error_mean": 6.444575212267751,
  "velocity_tangent_error_p90": 14.838144526910165,
  "nose_tangent_error_mean": 8.78241912981119,
  "nose_tangent_error_p90": 18.982934318988754,
  "nose_velocity_error_mean": 5.75158389633554,
  "nose_velocity_error_p90": 13.037488978557066,
  "wing_plane_error_mean": 34.40077940958425,
  "wing_plane_error_p90": 126.48003100922708,
  "belly_error_mean": 145.0398728407217,
  "q_error_mean_rad": 0.08450667410972684,
  "q_error_p90_rad": 0.21784600551245814,
  "roll_tracking_error_mean": 3.9483212450604013,
  "env_alpha_min": -22.839903282617932,
  "env_alpha_max": 7.7221794322178585,
  "env_alpha_mean": -0.5415026778289936,
  "env_beta_min": -3.3024026535601005,
  "env_beta_max": 15.981011950165497,
  "target_roll_min": -168.15259711165046,
  "target_roll_max": 161.18729335804258,
  "actual_roll_min": -178.8857416081388,
  "actual_roll_max": 170.74925143860443,
  "actual_roll_mean": -18.06190657948699,
  "vt_min": 193.96258544921875,
  "vt_mean": 241.58076591712202,
  "Gmax": 5.841485667919617,
  "Gmean": 2.148236944990064,
  "alt_min": 4946.875,
  "alt_max": 8838.9326171875,
  "termination": "ok",
  "grade_cte_only_deprecated": "A",
  "grade_loop_quality": "B"
}