{
  "name": "pu090_R10000",
  "angle_deg": 90,
  "radius_m": 10000,
  "completed": true,
  "steps": 314,
  "CTE_mean": 53.928144019118086,
  "CTE_p50": 29.51115942516462,
  "CTE_p90": 146.31231855383245,
  "CTE_max": 207.28522032975187,
  "velocity_tangent_error_mean": 3.498886749863305,
  "velocity_tangent_error_p90": 9.244270250310153,
  "nose_tangent_error_mean": 5.7921712030782295,
  "nose_tangent_error_p90": 13.700532484583162,
  "nose_velocity_error_mean": 4.1102902656571025,
  "nose_velocity_error_p90": 5.915268842139577,
  "wing_plane_error_mean": 20.033027128624834,
  "wing_plane_error_p90": 80.89593130188057,
  "belly_error_mean": 158.95132149921625,
  "q_error_mean_rad": 0.06606594153072441,
  "q_error_p90_rad": 0.19499922325437302,
  "roll_tracking_error_mean": 3.968903798203847,
  "env_alpha_min": -22.839903282617932,
  "env_alpha_max": 5.731724850519097,
  "env_alpha_mean": 0.7929187196854853,
  "env_beta_min": -3.013811366314606,
  "env_beta_max": 15.981011950165497,
  "target_roll_min": -168.15259711165046,
  "target_roll_max": 161.18729335804258,
  "actual_roll_min": -178.8857416081388,
  "actual_roll_max": 170.74925143860443,
  "actual_roll_mean": -10.932030631710601,
  "vt_min": 193.8887939453125,
  "vt_mean": 246.1690400239009,
  "Gmax": 5.841485667919617,
  "Gmean": 1.718060834143033,
  "alt_min": 4946.875,
  "alt_max": 14629.0966796875,
  "termination": "ok",
  "grade_cte_only_deprecated": "A",
  "grade_loop_quality": "B"
}