{
  "name": "pu090_R12000",
  "angle_deg": 90,
  "radius_m": 12000,
  "completed": true,
  "steps": 377,
  "CTE_mean": 56.296313514261804,
  "CTE_p50": 30.401120114962087,
  "CTE_p90": 152.54529777633712,
  "CTE_max": 238.33438284979297,
  "velocity_tangent_error_mean": 3.1419408910917066,
  "velocity_tangent_error_p90": 10.120164273845022,
  "nose_tangent_error_mean": 5.535189326281768,
  "nose_tangent_error_p90": 13.06778660012432,
  "nose_velocity_error_mean": 4.019538117635098,
  "nose_velocity_error_p90": 5.425602250540851,
  "wing_plane_error_mean": 17.428754830600887,
  "wing_plane_error_p90": 66.21675390257373,
  "belly_error_mean": 161.60812231152386,
  "q_error_mean_rad": 0.06690498484550231,
  "q_error_p90_rad": 0.19995921505232128,
  "roll_tracking_error_mean": 5.881048754408834,
  "env_alpha_min": -22.839903282617932,
  "env_alpha_max": 4.518525305800275,
  "env_alpha_mean": 1.1284855935680695,
  "env_beta_min": -3.493714758108277,
  "env_beta_max": 15.981011950165497,
  "target_roll_min": -168.15259711165046,
  "target_roll_max": 161.18729335804258,
  "actual_roll_min": -178.8857416081388,
  "actual_roll_max": 170.74925143860443,
  "actual_roll_mean": -11.549156966599675,
  "vt_min": 193.8887939453125,
  "vt_mean": 246.75793873915939,
  "Gmax": 5.841485667919617,
  "Gmean": 1.602505151987195,
  "alt_min": 4946.875,
  "alt_max": 16624.115234375,
  "termination": "ok",
  "grade_cte_only_deprecated": "A",
  "grade_loop_quality": "B"
}