{
  "name": "pu105_R10000",
  "angle_deg": 105,
  "radius_m": 10000,
  "completed": true,
  "steps": 366,
  "CTE_mean": 53.820864456794354,
  "CTE_p50": 30.542653978576098,
  "CTE_p90": 132.78481148430143,
  "CTE_max": 207.16115420665952,
  "velocity_tangent_error_mean": 3.4626657537059806,
  "velocity_tangent_error_p90": 8.784952378627917,
  "nose_tangent_error_mean": 5.700713496181099,
  "nose_tangent_error_p90": 12.712013677432058,
  "nose_velocity_error_mean": 4.335685558375089,
  "nose_velocity_error_p90": 6.315629284443243,
  "wing_plane_error_mean": 21.562700889154854,
  "wing_plane_error_p90": 86.27358197184377,
  "belly_error_mean": 157.24338206526767,
  "q_error_mean_rad": 0.1198589068209994,
  "q_error_p90_rad": 0.23141030686694092,
  "roll_tracking_error_mean": 8.533156455217725,
  "env_alpha_min": -22.839903282617932,
  "env_alpha_max": 8.57702883326373,
  "env_alpha_mean": 1.1654251483165063,
  "env_beta_min": -5.4839016817689386,
  "env_beta_max": 15.981011950165497,
  "target_roll_min": -168.15259711165046,
  "target_roll_max": 180.0,
  "actual_roll_min": -179.213454084516,
  "actual_roll_max": 179.69311094916932,
  "actual_roll_mean": 3.320010956711921,
  "vt_min": 193.8887939453125,
  "vt_mean": 247.3510864341194,
  "Gmax": 5.841485667919617,
  "Gmean": 1.6771006539981217,
  "alt_min": 4946.875,
  "alt_max": 17255.09765625,
  "termination": "ok",
  "grade_cte_only_deprecated": "A",
  "grade_loop_quality": "B"
}