{
  "name": "pu105_R12000",
  "angle_deg": 105,
  "radius_m": 12000,
  "completed": true,
  "steps": 439,
  "CTE_mean": 62.71639568703865,
  "CTE_p50": 31.529191890453696,
  "CTE_p90": 138.3272236583238,
  "CTE_max": 238.43574544667482,
  "velocity_tangent_error_mean": 3.3496025888185574,
  "velocity_tangent_error_p90": 9.478729371620672,
  "nose_tangent_error_mean": 5.7567737819438465,
  "nose_tangent_error_p90": 12.25064859746469,
  "nose_velocity_error_mean": 4.557530734913438,
  "nose_velocity_error_p90": 8.716583055767112,
  "wing_plane_error_mean": 20.327639624228578,
  "wing_plane_error_p90": 80.01626991999034,
  "belly_error_mean": 158.5285409594923,
  "q_error_mean_rad": 0.1117855368372214,
  "q_error_p90_rad": 0.23036487006506612,
  "roll_tracking_error_mean": 6.842204771028327,
  "env_alpha_min": -22.839903282617932,
  "env_alpha_max": 11.257283002262296,
  "env_alpha_mean": 1.7446841350675326,
  "env_beta_min": -6.068450188392963,
  "env_beta_max": 15.981011950165497,
  "target_roll_min": -168.15259711165046,
  "target_roll_max": 180.0,
  "actual_roll_min": -179.99055202714504,
  "actual_roll_max": 179.49793146344703,
  "actual_roll_mean": -19.372767950176126,
  "vt_min": 193.8887939453125,
  "vt_mean": 248.5498491083028,
  "Gmax": 5.841485667919617,
  "Gmean": 1.5881174191805363,
  "alt_min": 4946.875,
  "alt_max": 19810.513671875,
  "termination": "ok",
  "grade_cte_only_deprecated": "A",
  "grade_loop_quality": "B"
}