{
  "name": "pu120_R10000",
  "angle_deg": 120,
  "radius_m": 10000,
  "completed": true,
  "steps": 418,
  "CTE_mean": 53.297808984784,
  "CTE_p50": 30.566549172086148,
  "CTE_p90": 122.47752013501375,
  "CTE_max": 207.19041304827923,
  "velocity_tangent_error_mean": 3.4288655528827947,
  "velocity_tangent_error_p90": 8.401858696500675,
  "nose_tangent_error_mean": 5.646135815416575,
  "nose_tangent_error_p90": 11.196508380057256,
  "nose_velocity_error_mean": 4.094823320840398,
  "nose_velocity_error_p90": 6.847964595348256,
  "wing_plane_error_mean": 18.933761238263312,
  "wing_plane_error_p90": 78.52962919287778,
  "belly_error_mean": 159.57442093961504,
  "q_error_mean_rad": 0.10762621543482026,
  "q_error_p90_rad": 0.22395897019477937,
  "roll_tracking_error_mean": 7.42731605338787,
  "env_alpha_min": -22.839903282617932,
  "env_alpha_max": 11.031386448295173,
  "env_alpha_mean": 1.3032469145315768,
  "env_beta_min": -4.733737309471384,
  "env_beta_max": 15.981011950165497,
  "target_roll_min": -168.15259711165046,
  "target_roll_max": 180.0,
  "actual_roll_min": -179.97433715805542,
  "actual_roll_max": 179.81086341046034,
  "actual_roll_mean": -31.62751796156163,
  "vt_min": 193.8887939453125,
  "vt_mean": 248.07161617735358,
  "Gmax": 5.841485667919617,
  "Gmean": 1.5874197025045216,
  "alt_min": 4946.875,
  "alt_max": 19681.142578125,
  "termination": "ok",
  "grade_cte_only_deprecated": "A",
  "grade_loop_quality": "B"
}