{
  "name": "pu120_R12000",
  "angle_deg": 120,
  "radius_m": 12000,
  "completed": true,
  "steps": 500,
  "CTE_mean": 58.0702456843904,
  "CTE_p50": 33.340320302583265,
  "CTE_p90": 121.25563586535493,
  "CTE_max": 238.38891561105427,
  "velocity_tangent_error_mean": 3.640232756445294,
  "velocity_tangent_error_p90": 8.825031756699428,
  "nose_tangent_error_mean": 5.459961803998287,
  "nose_tangent_error_p90": 10.24538655101403,
  "nose_velocity_error_mean": 4.446533554106012,
  "nose_velocity_error_p90": 6.844125055767128,
  "wing_plane_error_mean": 17.911660222275767,
  "wing_plane_error_p90": 69.52298126609608,
  "belly_error_mean": 160.78699973679204,
  "q_error_mean_rad": 0.09990689328271579,
  "q_error_p90_rad": 0.2091786255489801,
  "roll_tracking_error_mean": 6.610642760919595,
  "env_alpha_min": -22.839903282617932,
  "env_alpha_max": 9.237841951499647,
  "env_alpha_mean": 1.559464684706104,
  "env_beta_min": -7.048851272988363,
  "env_beta_max": 15.981011950165497,
  "target_roll_min": -168.15259711165046,
  "target_roll_max": 180.0,
  "actual_roll_min": -179.7722865020281,
  "actual_roll_max": 179.97663210161656,
  "actual_roll_mean": 0.9297096294347302,
  "vt_min": 193.8887939453125,
  "vt_mean": 249.15971591186525,
  "Gmax": 5.841485667919617,
  "Gmean": 1.5054039349031405,
  "alt_min": 4946.875,
  "alt_max": 22651.884765625,
  "termination": "ok",
  "grade_cte_only_deprecated": "A",
  "grade_loop_quality": "B"
}