{
  "name": "pu135_R12000",
  "angle_deg": 135,
  "radius_m": 12000,
  "completed": true,
  "steps": 559,
  "CTE_mean": 59.212514641407346,
  "CTE_p50": 36.611743789501276,
  "CTE_p90": 120.0688823077844,
  "CTE_max": 244.73439555140789,
  "velocity_tangent_error_mean": 3.7060435955852684,
  "velocity_tangent_error_p90": 6.921726182054519,
  "nose_tangent_error_mean": 5.042837109422967,
  "nose_tangent_error_p90": 7.53253210548675,
  "nose_velocity_error_mean": 4.305393468830926,
  "nose_velocity_error_p90": 6.402385120033778,
  "wing_plane_error_mean": 16.205541260905736,
  "wing_plane_error_p90": 60.38195797790285,
  "belly_error_mean": 162.3819971056396,
  "q_error_mean_rad": 0.09487516734395285,
  "q_error_p90_rad": 0.1969270120802885,
  "roll_tracking_error_mean": 6.172103827025095,
  "env_alpha_min": -22.839903282617932,
  "env_alpha_max": 9.30440043741413,
  "env_alpha_mean": 1.1598045797872238,
  "env_beta_min": -7.0798500865364655,
  "env_beta_max": 15.981011950165497,
  "target_roll_min": -168.15259711165046,
  "target_roll_max": 180.0,
  "actual_roll_min": -179.99388515946,
  "actual_roll_max": 179.90563911538345,
  "actual_roll_mean": -22.773579784400525,
  "vt_min": 193.8887939453125,
  "vt_mean": 250.16763229233635,
  "Gmax": 5.841485667919617,
  "Gmean": 1.4244080778237167,
  "alt_min": 4946.875,
  "alt_max": 25083.15234375,
  "termination": "ok",
  "grade_cte_only_deprecated": "A",
  "grade_loop_quality": "B"
}