{
  "name": "pu150_R12000",
  "angle_deg": 150,
  "radius_m": 12000,
  "completed": true,
  "steps": 620,
  "CTE_mean": 71.60567387070684,
  "CTE_p50": 40.68385833756449,
  "CTE_p90": 181.18853489645016,
  "CTE_max": 326.21519487291624,
  "velocity_tangent_error_mean": 3.7123121759849687,
  "velocity_tangent_error_p90": 6.648711490512294,
  "nose_tangent_error_mean": 5.078228344600729,
  "nose_tangent_error_p90": 8.840124635838846,
  "nose_velocity_error_mean": 4.538561044427094,
  "nose_velocity_error_p90": 6.4513616724612675,
  "wing_plane_error_mean": 15.040157598682486,
  "wing_plane_error_p90": 49.2353350148125,
  "belly_error_mean": 163.82335017142307,
  "q_error_mean_rad": 0.09196140149971656,
  "q_error_p90_rad": 0.19065681423019742,
  "roll_tracking_error_mean": 5.804108740656451,
  "env_alpha_min": -22.839903282617932,
  "env_alpha_max": 10.687409583956867,
  "env_alpha_mean": 0.47833471160908014,
  "env_beta_min": -6.707080986638795,
  "env_beta_max": 17.521397192921793,
  "target_roll_min": -168.15259711165046,
  "target_roll_max": 180.0,
  "actual_roll_min": -179.97481527129733,
  "actual_roll_max": 179.9786265168542,
  "actual_roll_mean": -31.7864882520217,
  "vt_min": 193.8887939453125,
  "vt_mean": 250.7999603025375,
  "Gmax": 5.841485667919617,
  "Gmean": 1.3455116075207545,
  "alt_min": 4946.875,
  "alt_max": 27012.931640625,
  "termination": "ok",
  "grade_cte_only_deprecated": "A",
  "grade_loop_quality": "B"
}