{
  "name": "pu180_R15000",
  "angle_deg": 180,
  "radius_m": 15000,
  "completed": false,
  "steps": 2000,
  "CTE_mean": 6101.138931279177,
  "CTE_p50": 2172.086610640664,
  "CTE_p90": 19515.61448409983,
  "CTE_max": 23944.086897986046,
  "velocity_tangent_error_mean": 63.876481561036805,
  "velocity_tangent_error_p90": 140.64076451090386,
  "nose_tangent_error_mean": 62.58100162621373,
  "nose_tangent_error_p90": 131.71866589826413,
  "nose_velocity_error_mean": 18.889421609414832,
  "nose_velocity_error_p90": 34.83256139718654,
  "wing_plane_error_mean": 77.46421759470697,
  "wing_plane_error_p90": 162.75555291337213,
  "belly_error_mean": 129.64590523233852,
  "q_error_mean_rad": 0.8930603407865283,
  "q_error_p90_rad": 2.780985182321146,
  "roll_tracking_error_mean": 29.386044325895003,
  "env_alpha_min": -42.08461696728918,
  "env_alpha_max": 24.166356755285676,
  "env_alpha_mean": -14.228228132872164,
  "env_beta_min": -23.0034726528614,
  "env_beta_max": 22.4993722487159,
  "target_roll_min": -168.15259711165046,
  "target_roll_max": 180.0,
  "actual_roll_min": -179.99980010328125,
  "actual_roll_max": 179.95638742091663,
  "actual_roll_mean": -25.215399347937183,
  "vt_min": 193.8887939453125,
  "vt_mean": 303.2689458999634,
  "Gmax": 7.820024872821474,
  "Gmean": 1.4080335608985441,
  "alt_min": 4946.875,
  "alt_max": 34469.24609375,
  "termination": "crash",
  "grade_cte_only_deprecated": "Fail",
  "grade_loop_quality": "Fail"
}