{
  "name": "pu180_R12000",
  "angle_deg": 180,
  "radius_m": 12000,
  "completed": false,
  "steps": 2000,
  "CTE_mean": 11361.524988549572,
  "CTE_p50": 5340.328679148551,
  "CTE_p90": 39274.88761246202,
  "CTE_max": 50388.058510762196,
  "velocity_tangent_error_mean": 58.470481557114155,
  "velocity_tangent_error_p90": 127.01934568556284,
  "nose_tangent_error_mean": 58.05833160988754,
  "nose_tangent_error_p90": 112.5542697155048,
  "nose_velocity_error_mean": 19.32847114768478,
  "nose_velocity_error_p90": 35.407641436375975,
  "wing_plane_error_mean": 74.8048655023504,
  "wing_plane_error_p90": 137.60877211123477,
  "belly_error_mean": 130.17169482325383,
  "q_error_mean_rad": 1.1973400251902782,
  "q_error_p90_rad": 2.908222941424946,
  "roll_tracking_error_mean": 36.52425907938563,
  "env_alpha_min": -44.11926884933345,
  "env_alpha_max": 9.54694301616222,
  "env_alpha_mean": -15.686129785893728,
  "env_beta_min": -14.2143946203991,
  "env_beta_max": 22.553241950699793,
  "target_roll_min": -168.15259711165046,
  "target_roll_max": 180.0,
  "actual_roll_min": -179.97235640319613,
  "actual_roll_max": 179.9875330835319,
  "actual_roll_mean": -63.46390980427855,
  "vt_min": 193.8887939453125,
  "vt_mean": 348.14572026824953,
  "Gmax": 8.473360729068618,
  "Gmean": 1.6368469302183122,
  "alt_min": 4946.875,
  "alt_max": 37297.93359375,
  "termination": "crash",
  "grade_cte_only_deprecated": "Fail",
  "grade_loop_quality": "Fail"
}